{"count":1,"self":2591.521792,"total":5031.4207649,"children":{"InitializeActuators":{"count":1,"self":0.0013560999999999998,"total":0.0013560999999999998,"children":null},"InitializeSensors":{"count":1,"self":0.0020025,"total":0.0020025,"children":null},"AgentSendState":{"count":2430517,"self":24.307740799999998,"total":206.7141231,"children":{"CollectObservations":{"count":486104,"self":0.4054775,"total":0.4054775,"children":null},"WriteActionMask":{"count":486104,"self":0.6460264,"total":0.6460264,"children":null},"RequestDecision":{"count":486104,"self":4.0285024,"total":181.35487759999998,"children":{"AgentInfo.ToProto":{"count":486104,"self":3.84962,"total":177.3263754,"children":{"GenerateSensorData":{"count":486104,"self":171.8817408,"total":173.47675519999999,"children":{"RayPerceptionSensor.Perceive":{"count":486104,"self":1.5950122,"total":1.5950122,"children":null}}}}}}}}},"DecideAction":{"count":2430517,"self":2223.214592,"total":2223.2145603,"children":null},"AgentAct":{"count":2430517,"self":9.3958535999999988,"total":9.4161319,"children":{"AgentInfo.ToProto":{"count":65,"self":0.00050389999999999994,"total":0.0202782,"children":{"GenerateSensorData":{"count":65,"self":0.019774299999999998,"total":0.019774299999999998,"children":{"RayPerceptionSensor.Perceive":{"count":65,"self":0,"total":0,"children":null}}}}}}},"AgentInfo.ToProto":{"count":1764,"self":0.0160994,"total":0.5508978,"children":{"GenerateSensorData":{"count":1764,"self":0.5303051,"total":0.5347984,"children":{"RayPerceptionSensor.Perceive":{"count":1764,"self":0.0044932999999999996,"total":0.0044932999999999996,"children":null}}}}}},"gauges":{"Dino.CumulativeReward":{"count":1829,"max":80.99922,"min":0.189999223,"runningAverage":19.828207,"value":18.0702267,"weightedAverage":36.4803}},"metadata":{"timer_format_version":"0.1.0","start_time_seconds":"1717465752","unity_version":"2022.3.20f1","command_line_arguments":"C:\\Program Files\\Unity\\Hub\\Editor\\2022.3.20f1\\Editor\\Unity.exe -projectpath D:\\0_ML_Agent_Project -useHub -hubIPC -cloudEnvironment production","communication_protocol_version":"1.5.0","com.unity.ml-agents_version":"2.3.0-exp.3","scene_name":"Game","end_time_seconds":"1717470783"}}